AgingBucket,InvoiceCount,TotalAmount,Percentage
0-30 days,138,11348236.085,94.65630092922329
31-60 days,4,303438.93200000003,2.531001879578374
61-90 days,1,19275.14,0.160775070119006
>90 days,5,317935.922,2.651922121079319
